"FileName","ShaderName","Status","Reason","PassCount","ProgramCount","HasVertexPragma","HasFragmentPragma","HasFunctionLike","HasStruct","HasFallbackError","Size","FullPath"
"_URP_UI_屏幕效果.shader","_URP/UI/屏幕效果","空壳不可用","有Pass但没有CG或HLSL程序块","3","0","False","False","False","False","False","3462","D:\CrackALL\灰烬之国\破解资源1\CinderiaFix\Assets\Shaders\_URP_UI_屏幕效果.shader"
"_URP_环境_触手.shader","_URP/环境/触手","空壳不可用","有Pass但没有CG或HLSL程序块","3","0","False","False","False","False","True","3033","D:\CrackALL\灰烬之国\破解资源1\CinderiaFix\Assets\Shaders\_URP_环境_触手.shader"
"_URP_环境_触手_0.shader","_URP/环境/触手","空壳不可用","有Pass但没有CG或HLSL程序块","3","0","False","False","False","False","True","3033","D:\CrackALL\灰烬之国\破解资源1\CinderiaFix\Assets\Shaders\_URP_环境_触手_0.shader"
"_URP_环境_氛围光.shader","_URP/环境/氛围光","空壳不可用","有Pass但没有CG或HLSL程序块","3","0","False","False","False","False","False","2927","D:\CrackALL\灰烬之国\破解资源1\CinderiaFix\Assets\Shaders\_URP_环境_氛围光.shader"
"_URP_环境_默认.shader","_URP/环境/默认","空壳不可用","有Pass但没有CG或HLSL程序块","4","0","False","False","False","False","True","9187","D:\CrackALL\灰烬之国\破解资源1\CinderiaFix\Assets\Shaders\_URP_环境_默认.shader"
"_URP_环境_默认_0.shader","_URP/环境/默认","空壳不可用","有Pass但没有CG或HLSL程序块","4","0","False","False","False","False","True","9187","D:\CrackALL\灰烬之国\破解资源1\CinderiaFix\Assets\Shaders\_URP_环境_默认_0.shader"
"_URP_环境_默认_1.shader","_URP/环境/默认","空壳不可用","有Pass但没有CG或HLSL程序块","4","0","False","False","False","False","True","9187","D:\CrackALL\灰烬之国\破解资源1\CinderiaFix\Assets\Shaders\_URP_环境_默认_1.shader"
"_URP_环境_默认_2.shader","_URP/环境/默认","空壳不可用","有Pass但没有CG或HLSL程序块","4","0","False","False","False","False","True","9187","D:\CrackALL\灰烬之国\破解资源1\CinderiaFix\Assets\Shaders\_URP_环境_默认_2.shader"
"_URP_环境_默认_3.shader","_URP/环境/默认","空壳不可用","有Pass但没有CG或HLSL程序块","4","0","False","False","False","False","True","9187","D:\CrackALL\灰烬之国\破解资源1\CinderiaFix\Assets\Shaders\_URP_环境_默认_3.shader"
"_URP_环境_默认_4.shader","_URP/环境/默认","空壳不可用","有Pass但没有CG或HLSL程序块","4","0","False","False","False","False","True","9187","D:\CrackALL\灰烬之国\破解资源1\CinderiaFix\Assets\Shaders\_URP_环境_默认_4.shader"
"_URP_环境_默认_5.shader","_URP/环境/默认","空壳不可用","有Pass但没有CG或HLSL程序块","4","0","False","False","False","False","True","9187","D:\CrackALL\灰烬之国\破解资源1\CinderiaFix\Assets\Shaders\_URP_环境_默认_5.shader"
"_URP_环境_默认_6.shader","_URP/环境/默认","空壳不可用","有Pass但没有CG或HLSL程序块","4","0","False","False","False","False","True","9187","D:\CrackALL\灰烬之国\破解资源1\CinderiaFix\Assets\Shaders\_URP_环境_默认_6.shader"
"_URP_环境_默认_7.shader","_URP/环境/默认","空壳不可用","有Pass但没有CG或HLSL程序块","4","0","False","False","False","False","True","9187","D:\CrackALL\灰烬之国\破解资源1\CinderiaFix\Assets\Shaders\_URP_环境_默认_7.shader"
"_URP_环境_水.shader","_URP/环境/水","空壳不可用","有Pass但没有CG或HLSL程序块","3","0","False","False","False","False","True","4755","D:\CrackALL\灰烬之国\破解资源1\CinderiaFix\Assets\Shaders\_URP_环境_水.shader"
"_URP_扭曲.shader","_URP/扭曲","空壳不可用","有Pass但没有CG或HLSL程序块","3","0","False","False","False","False","True","2432","D:\CrackALL\灰烬之国\破解资源1\CinderiaFix\Assets\Shaders\_URP_扭曲.shader"
"_URP_扭曲_0.shader","_URP/扭曲","空壳不可用","有Pass但没有CG或HLSL程序块","3","0","False","False","False","False","True","2432","D:\CrackALL\灰烬之国\破解资源1\CinderiaFix\Assets\Shaders\_URP_扭曲_0.shader"
"_URP_扭曲_1.shader","_URP/扭曲","空壳不可用","有Pass但没有CG或HLSL程序块","3","0","False","False","False","False","True","2432","D:\CrackALL\灰烬之国\破解资源1\CinderiaFix\Assets\Shaders\_URP_扭曲_1.shader"
"_URP_扭曲_10.shader","_URP/扭曲","空壳不可用","有Pass但没有CG或HLSL程序块","3","0","False","False","False","False","True","2432","D:\CrackALL\灰烬之国\破解资源1\CinderiaFix\Assets\Shaders\_URP_扭曲_10.shader"
"_URP_扭曲_2.shader","_URP/扭曲","空壳不可用","有Pass但没有CG或HLSL程序块","3","0","False","False","False","False","True","2432","D:\CrackALL\灰烬之国\破解资源1\CinderiaFix\Assets\Shaders\_URP_扭曲_2.shader"
"_URP_扭曲_3.shader","_URP/扭曲","空壳不可用","有Pass但没有CG或HLSL程序块","3","0","False","False","False","False","True","2432","D:\CrackALL\灰烬之国\破解资源1\CinderiaFix\Assets\Shaders\_URP_扭曲_3.shader"
"_URP_扭曲_4.shader","_URP/扭曲","空壳不可用","有Pass但没有CG或HLSL程序块","3","0","False","False","False","False","True","2432","D:\CrackALL\灰烬之国\破解资源1\CinderiaFix\Assets\Shaders\_URP_扭曲_4.shader"
"_URP_扭曲_5.shader","_URP/扭曲","空壳不可用","有Pass但没有CG或HLSL程序块","3","0","False","False","False","False","True","2432","D:\CrackALL\灰烬之国\破解资源1\CinderiaFix\Assets\Shaders\_URP_扭曲_5.shader"
"_URP_扭曲_6.shader","_URP/扭曲","空壳不可用","有Pass但没有CG或HLSL程序块","3","0","False","False","False","False","True","2432","D:\CrackALL\灰烬之国\破解资源1\CinderiaFix\Assets\Shaders\_URP_扭曲_6.shader"
"_URP_扭曲_7.shader","_URP/扭曲","空壳不可用","有Pass但没有CG或HLSL程序块","3","0","False","False","False","False","True","2432","D:\CrackALL\灰烬之国\破解资源1\CinderiaFix\Assets\Shaders\_URP_扭曲_7.shader"
"_URP_扭曲_8.shader","_URP/扭曲","空壳不可用","有Pass但没有CG或HLSL程序块","3","0","False","False","False","False","True","2432","D:\CrackALL\灰烬之国\破解资源1\CinderiaFix\Assets\Shaders\_URP_扭曲_8.shader"
"_URP_扭曲_9.shader","_URP/扭曲","空壳不可用","有Pass但没有CG或HLSL程序块","3","0","False","False","False","False","True","2432","D:\CrackALL\灰烬之国\破解资源1\CinderiaFix\Assets\Shaders\_URP_扭曲_9.shader"
"_URP_人物Spine.shader","_URP/人物Spine","空壳不可用","有Pass但没有CG或HLSL程序块","4","0","False","False","False","False","True","4940","D:\CrackALL\灰烬之国\破解资源1\CinderiaFix\Assets\Shaders\_URP_人物Spine.shader"
"_URP_人物Spine_0.shader","_URP/人物Spine","空壳不可用","有Pass但没有CG或HLSL程序块","4","0","False","False","False","False","True","4940","D:\CrackALL\灰烬之国\破解资源1\CinderiaFix\Assets\Shaders\_URP_人物Spine_0.shader"
"_URP_人物Spine_1.shader","_URP/人物Spine","空壳不可用","有Pass但没有CG或HLSL程序块","4","0","False","False","False","False","True","4940","D:\CrackALL\灰烬之国\破解资源1\CinderiaFix\Assets\Shaders\_URP_人物Spine_1.shader"
"_URP_人物Spine_10.shader","_URP/人物Spine","空壳不可用","有Pass但没有CG或HLSL程序块","4","0","False","False","False","False","True","4940","D:\CrackALL\灰烬之国\破解资源1\CinderiaFix\Assets\Shaders\_URP_人物Spine_10.shader"
"_URP_人物Spine_100.shader","_URP/人物Spine","空壳不可用","有Pass但没有CG或HLSL程序块","4","0","False","False","False","False","True","4940","D:\CrackALL\灰烬之国\破解资源1\CinderiaFix\Assets\Shaders\_URP_人物Spine_100.shader"
"_URP_人物Spine_101.shader","_URP/人物Spine","空壳不可用","有Pass但没有CG或HLSL程序块","4","0","False","False","False","False","True","4940","D:\CrackALL\灰烬之国\破解资源1\CinderiaFix\Assets\Shaders\_URP_人物Spine_101.shader"
"_URP_人物Spine_102.shader","_URP/人物Spine","空壳不可用","有Pass但没有CG或HLSL程序块","4","0","False","False","False","False","True","4940","D:\CrackALL\灰烬之国\破解资源1\CinderiaFix\Assets\Shaders\_URP_人物Spine_102.shader"
"_URP_人物Spine_103.shader","_URP/人物Spine","空壳不可用","有Pass但没有CG或HLSL程序块","4","0","False","False","False","False","True","4940","D:\CrackALL\灰烬之国\破解资源1\CinderiaFix\Assets\Shaders\_URP_人物Spine_103.shader"
"_URP_人物Spine_104.shader","_URP/人物Spine","空壳不可用","有Pass但没有CG或HLSL程序块","4","0","False","False","False","False","True","4940","D:\CrackALL\灰烬之国\破解资源1\CinderiaFix\Assets\Shaders\_URP_人物Spine_104.shader"
"_URP_人物Spine_105.shader","_URP/人物Spine","空壳不可用","有Pass但没有CG或HLSL程序块","4","0","False","False","False","False","True","4940","D:\CrackALL\灰烬之国\破解资源1\CinderiaFix\Assets\Shaders\_URP_人物Spine_105.shader"
"_URP_人物Spine_106.shader","_URP/人物Spine","空壳不可用","有Pass但没有CG或HLSL程序块","4","0","False","False","False","False","True","4940","D:\CrackALL\灰烬之国\破解资源1\CinderiaFix\Assets\Shaders\_URP_人物Spine_106.shader"
"_URP_人物Spine_107.shader","_URP/人物Spine","空壳不可用","有Pass但没有CG或HLSL程序块","4","0","False","False","False","False","True","4940","D:\CrackALL\灰烬之国\破解资源1\CinderiaFix\Assets\Shaders\_URP_人物Spine_107.shader"
"_URP_人物Spine_108.shader","_URP/人物Spine","空壳不可用","有Pass但没有CG或HLSL程序块","4","0","False","False","False","False","True","4940","D:\CrackALL\灰烬之国\破解资源1\CinderiaFix\Assets\Shaders\_URP_人物Spine_108.shader"
"_URP_人物Spine_109.shader","_URP/人物Spine","空壳不可用","有Pass但没有CG或HLSL程序块","4","0","False","False","False","False","True","4940","D:\CrackALL\灰烬之国\破解资源1\CinderiaFix\Assets\Shaders\_URP_人物Spine_109.shader"
"_URP_人物Spine_11.shader","_URP/人物Spine","空壳不可用","有Pass但没有CG或HLSL程序块","4","0","False","False","False","False","True","4940","D:\CrackALL\灰烬之国\破解资源1\CinderiaFix\Assets\Shaders\_URP_人物Spine_11.shader"
"_URP_人物Spine_110.shader","_URP/人物Spine","空壳不可用","有Pass但没有CG或HLSL程序块","4","0","False","False","False","False","True","4940","D:\CrackALL\灰烬之国\破解资源1\CinderiaFix\Assets\Shaders\_URP_人物Spine_110.shader"
"_URP_人物Spine_111.shader","_URP/人物Spine","空壳不可用","有Pass但没有CG或HLSL程序块","4","0","False","False","False","False","True","4940","D:\CrackALL\灰烬之国\破解资源1\CinderiaFix\Assets\Shaders\_URP_人物Spine_111.shader"
"_URP_人物Spine_112.shader","_URP/人物Spine","空壳不可用","有Pass但没有CG或HLSL程序块","4","0","False","False","False","False","True","4940","D:\CrackALL\灰烬之国\破解资源1\CinderiaFix\Assets\Shaders\_URP_人物Spine_112.shader"
"_URP_人物Spine_113.shader","_URP/人物Spine","空壳不可用","有Pass但没有CG或HLSL程序块","4","0","False","False","False","False","True","4940","D:\CrackALL\灰烬之国\破解资源1\CinderiaFix\Assets\Shaders\_URP_人物Spine_113.shader"
"_URP_人物Spine_114.shader","_URP/人物Spine","空壳不可用","有Pass但没有CG或HLSL程序块","4","0","False","False","False","False","True","4940","D:\CrackALL\灰烬之国\破解资源1\CinderiaFix\Assets\Shaders\_URP_人物Spine_114.shader"
"_URP_人物Spine_115.shader","_URP/人物Spine","空壳不可用","有Pass但没有CG或HLSL程序块","4","0","False","False","False","False","True","4940","D:\CrackALL\灰烬之国\破解资源1\CinderiaFix\Assets\Shaders\_URP_人物Spine_115.shader"
"_URP_人物Spine_116.shader","_URP/人物Spine","空壳不可用","有Pass但没有CG或HLSL程序块","4","0","False","False","False","False","True","4940","D:\CrackALL\灰烬之国\破解资源1\CinderiaFix\Assets\Shaders\_URP_人物Spine_116.shader"
"_URP_人物Spine_117.shader","_URP/人物Spine","空壳不可用","有Pass但没有CG或HLSL程序块","4","0","False","False","False","False","True","4940","D:\CrackALL\灰烬之国\破解资源1\CinderiaFix\Assets\Shaders\_URP_人物Spine_117.shader"
"_URP_人物Spine_118.shader","_URP/人物Spine","空壳不可用","有Pass但没有CG或HLSL程序块","4","0","False","False","False","False","True","4940","D:\CrackALL\灰烬之国\破解资源1\CinderiaFix\Assets\Shaders\_URP_人物Spine_118.shader"
"_URP_人物Spine_119.shader","_URP/人物Spine","空壳不可用","有Pass但没有CG或HLSL程序块","4","0","False","False","False","False","True","4940","D:\CrackALL\灰烬之国\破解资源1\CinderiaFix\Assets\Shaders\_URP_人物Spine_119.shader"
"_URP_人物Spine_12.shader","_URP/人物Spine","空壳不可用","有Pass但没有CG或HLSL程序块","4","0","False","False","False","False","True","4940","D:\CrackALL\灰烬之国\破解资源1\CinderiaFix\Assets\Shaders\_URP_人物Spine_12.shader"
"_URP_人物Spine_120.shader","_URP/人物Spine","空壳不可用","有Pass但没有CG或HLSL程序块","4","0","False","False","False","False","True","4940","D:\CrackALL\灰烬之国\破解资源1\CinderiaFix\Assets\Shaders\_URP_人物Spine_120.shader"
"_URP_人物Spine_121.shader","_URP/人物Spine","空壳不可用","有Pass但没有CG或HLSL程序块","4","0","False","False","False","False","True","4940","D:\CrackALL\灰烬之国\破解资源1\CinderiaFix\Assets\Shaders\_URP_人物Spine_121.shader"
"_URP_人物Spine_122.shader","_URP/人物Spine","空壳不可用","有Pass但没有CG或HLSL程序块","4","0","False","False","False","False","True","4940","D:\CrackALL\灰烬之国\破解资源1\CinderiaFix\Assets\Shaders\_URP_人物Spine_122.shader"
"_URP_人物Spine_123.shader","_URP/人物Spine","空壳不可用","有Pass但没有CG或HLSL程序块","4","0","False","False","False","False","True","4940","D:\CrackALL\灰烬之国\破解资源1\CinderiaFix\Assets\Shaders\_URP_人物Spine_123.shader"
"_URP_人物Spine_124.shader","_URP/人物Spine","空壳不可用","有Pass但没有CG或HLSL程序块","4","0","False","False","False","False","True","4940","D:\CrackALL\灰烬之国\破解资源1\CinderiaFix\Assets\Shaders\_URP_人物Spine_124.shader"
"_URP_人物Spine_125.shader","_URP/人物Spine","空壳不可用","有Pass但没有CG或HLSL程序块","4","0","False","False","False","False","True","4940","D:\CrackALL\灰烬之国\破解资源1\CinderiaFix\Assets\Shaders\_URP_人物Spine_125.shader"
"_URP_人物Spine_126.shader","_URP/人物Spine","空壳不可用","有Pass但没有CG或HLSL程序块","4","0","False","False","False","False","True","4940","D:\CrackALL\灰烬之国\破解资源1\CinderiaFix\Assets\Shaders\_URP_人物Spine_126.shader"
"_URP_人物Spine_13.shader","_URP/人物Spine","空壳不可用","有Pass但没有CG或HLSL程序块","4","0","False","False","False","False","True","4940","D:\CrackALL\灰烬之国\破解资源1\CinderiaFix\Assets\Shaders\_URP_人物Spine_13.shader"
"_URP_人物Spine_14.shader","_URP/人物Spine","空壳不可用","有Pass但没有CG或HLSL程序块","4","0","False","False","False","False","True","4940","D:\CrackALL\灰烬之国\破解资源1\CinderiaFix\Assets\Shaders\_URP_人物Spine_14.shader"
"_URP_人物Spine_15.shader","_URP/人物Spine","空壳不可用","有Pass但没有CG或HLSL程序块","4","0","False","False","False","False","True","4940","D:\CrackALL\灰烬之国\破解资源1\CinderiaFix\Assets\Shaders\_URP_人物Spine_15.shader"
"_URP_人物Spine_16.shader","_URP/人物Spine","空壳不可用","有Pass但没有CG或HLSL程序块","4","0","False","False","False","False","True","4940","D:\CrackALL\灰烬之国\破解资源1\CinderiaFix\Assets\Shaders\_URP_人物Spine_16.shader"
"_URP_人物Spine_17.shader","_URP/人物Spine","空壳不可用","有Pass但没有CG或HLSL程序块","4","0","False","False","False","False","True","4940","D:\CrackALL\灰烬之国\破解资源1\CinderiaFix\Assets\Shaders\_URP_人物Spine_17.shader"
"_URP_人物Spine_18.shader","_URP/人物Spine","空壳不可用","有Pass但没有CG或HLSL程序块","4","0","False","False","False","False","True","4940","D:\CrackALL\灰烬之国\破解资源1\CinderiaFix\Assets\Shaders\_URP_人物Spine_18.shader"
"_URP_人物Spine_19.shader","_URP/人物Spine","空壳不可用","有Pass但没有CG或HLSL程序块","4","0","False","False","False","False","True","4940","D:\CrackALL\灰烬之国\破解资源1\CinderiaFix\Assets\Shaders\_URP_人物Spine_19.shader"
"_URP_人物Spine_2.shader","_URP/人物Spine","空壳不可用","有Pass但没有CG或HLSL程序块","4","0","False","False","False","False","True","4940","D:\CrackALL\灰烬之国\破解资源1\CinderiaFix\Assets\Shaders\_URP_人物Spine_2.shader"
"_URP_人物Spine_20.shader","_URP/人物Spine","空壳不可用","有Pass但没有CG或HLSL程序块","4","0","False","False","False","False","True","4940","D:\CrackALL\灰烬之国\破解资源1\CinderiaFix\Assets\Shaders\_URP_人物Spine_20.shader"
"_URP_人物Spine_21.shader","_URP/人物Spine","空壳不可用","有Pass但没有CG或HLSL程序块","4","0","False","False","False","False","True","4940","D:\CrackALL\灰烬之国\破解资源1\CinderiaFix\Assets\Shaders\_URP_人物Spine_21.shader"
"_URP_人物Spine_22.shader","_URP/人物Spine","空壳不可用","有Pass但没有CG或HLSL程序块","4","0","False","False","False","False","True","4940","D:\CrackALL\灰烬之国\破解资源1\CinderiaFix\Assets\Shaders\_URP_人物Spine_22.shader"
"_URP_人物Spine_23.shader","_URP/人物Spine","空壳不可用","有Pass但没有CG或HLSL程序块","4","0","False","False","False","False","True","4940","D:\CrackALL\灰烬之国\破解资源1\CinderiaFix\Assets\Shaders\_URP_人物Spine_23.shader"
"_URP_人物Spine_24.shader","_URP/人物Spine","空壳不可用","有Pass但没有CG或HLSL程序块","4","0","False","False","False","False","True","4940","D:\CrackALL\灰烬之国\破解资源1\CinderiaFix\Assets\Shaders\_URP_人物Spine_24.shader"
"_URP_人物Spine_25.shader","_URP/人物Spine","空壳不可用","有Pass但没有CG或HLSL程序块","4","0","False","False","False","False","True","4940","D:\CrackALL\灰烬之国\破解资源1\CinderiaFix\Assets\Shaders\_URP_人物Spine_25.shader"
"_URP_人物Spine_26.shader","_URP/人物Spine","空壳不可用","有Pass但没有CG或HLSL程序块","4","0","False","False","False","False","True","4940","D:\CrackALL\灰烬之国\破解资源1\CinderiaFix\Assets\Shaders\_URP_人物Spine_26.shader"
"_URP_人物Spine_27.shader","_URP/人物Spine","空壳不可用","有Pass但没有CG或HLSL程序块","4","0","False","False","False","False","True","4940","D:\CrackALL\灰烬之国\破解资源1\CinderiaFix\Assets\Shaders\_URP_人物Spine_27.shader"
"_URP_人物Spine_28.shader","_URP/人物Spine","空壳不可用","有Pass但没有CG或HLSL程序块","4","0","False","False","False","False","True","4940","D:\CrackALL\灰烬之国\破解资源1\CinderiaFix\Assets\Shaders\_URP_人物Spine_28.shader"
"_URP_人物Spine_29.shader","_URP/人物Spine","空壳不可用","有Pass但没有CG或HLSL程序块","4","0","False","False","False","False","True","4940","D:\CrackALL\灰烬之国\破解资源1\CinderiaFix\Assets\Shaders\_URP_人物Spine_29.shader"
"_URP_人物Spine_3.shader","_URP/人物Spine","空壳不可用","有Pass但没有CG或HLSL程序块","4","0","False","False","False","False","True","4940","D:\CrackALL\灰烬之国\破解资源1\CinderiaFix\Assets\Shaders\_URP_人物Spine_3.shader"
"_URP_人物Spine_30.shader","_URP/人物Spine","空壳不可用","有Pass但没有CG或HLSL程序块","4","0","False","False","False","False","True","4940","D:\CrackALL\灰烬之国\破解资源1\CinderiaFix\Assets\Shaders\_URP_人物Spine_30.shader"
"_URP_人物Spine_31.shader","_URP/人物Spine","空壳不可用","有Pass但没有CG或HLSL程序块","4","0","False","False","False","False","True","4940","D:\CrackALL\灰烬之国\破解资源1\CinderiaFix\Assets\Shaders\_URP_人物Spine_31.shader"
"_URP_人物Spine_32.shader","_URP/人物Spine","空壳不可用","有Pass但没有CG或HLSL程序块","4","0","False","False","False","False","True","4940","D:\CrackALL\灰烬之国\破解资源1\CinderiaFix\Assets\Shaders\_URP_人物Spine_32.shader"
"_URP_人物Spine_33.shader","_URP/人物Spine","空壳不可用","有Pass但没有CG或HLSL程序块","4","0","False","False","False","False","True","4940","D:\CrackALL\灰烬之国\破解资源1\CinderiaFix\Assets\Shaders\_URP_人物Spine_33.shader"
"_URP_人物Spine_34.shader","_URP/人物Spine","空壳不可用","有Pass但没有CG或HLSL程序块","4","0","False","False","False","False","True","4940","D:\CrackALL\灰烬之国\破解资源1\CinderiaFix\Assets\Shaders\_URP_人物Spine_34.shader"
"_URP_人物Spine_35.shader","_URP/人物Spine","空壳不可用","有Pass但没有CG或HLSL程序块","4","0","False","False","False","False","True","4940","D:\CrackALL\灰烬之国\破解资源1\CinderiaFix\Assets\Shaders\_URP_人物Spine_35.shader"
"_URP_人物Spine_36.shader","_URP/人物Spine","空壳不可用","有Pass但没有CG或HLSL程序块","4","0","False","False","False","False","True","4940","D:\CrackALL\灰烬之国\破解资源1\CinderiaFix\Assets\Shaders\_URP_人物Spine_36.shader"
"_URP_人物Spine_37.shader","_URP/人物Spine","空壳不可用","有Pass但没有CG或HLSL程序块","4","0","False","False","False","False","True","4940","D:\CrackALL\灰烬之国\破解资源1\CinderiaFix\Assets\Shaders\_URP_人物Spine_37.shader"
"_URP_人物Spine_38.shader","_URP/人物Spine","空壳不可用","有Pass但没有CG或HLSL程序块","4","0","False","False","False","False","True","4940","D:\CrackALL\灰烬之国\破解资源1\CinderiaFix\Assets\Shaders\_URP_人物Spine_38.shader"
"_URP_人物Spine_39.shader","_URP/人物Spine","空壳不可用","有Pass但没有CG或HLSL程序块","4","0","False","False","False","False","True","4940","D:\CrackALL\灰烬之国\破解资源1\CinderiaFix\Assets\Shaders\_URP_人物Spine_39.shader"
"_URP_人物Spine_4.shader","_URP/人物Spine","空壳不可用","有Pass但没有CG或HLSL程序块","4","0","False","False","False","False","True","4940","D:\CrackALL\灰烬之国\破解资源1\CinderiaFix\Assets\Shaders\_URP_人物Spine_4.shader"
"_URP_人物Spine_40.shader","_URP/人物Spine","空壳不可用","有Pass但没有CG或HLSL程序块","4","0","False","False","False","False","True","4940","D:\CrackALL\灰烬之国\破解资源1\CinderiaFix\Assets\Shaders\_URP_人物Spine_40.shader"
"_URP_人物Spine_41.shader","_URP/人物Spine","空壳不可用","有Pass但没有CG或HLSL程序块","4","0","False","False","False","False","True","4940","D:\CrackALL\灰烬之国\破解资源1\CinderiaFix\Assets\Shaders\_URP_人物Spine_41.shader"
"_URP_人物Spine_42.shader","_URP/人物Spine","空壳不可用","有Pass但没有CG或HLSL程序块","4","0","False","False","False","False","True","4940","D:\CrackALL\灰烬之国\破解资源1\CinderiaFix\Assets\Shaders\_URP_人物Spine_42.shader"
"_URP_人物Spine_43.shader","_URP/人物Spine","空壳不可用","有Pass但没有CG或HLSL程序块","4","0","False","False","False","False","True","4940","D:\CrackALL\灰烬之国\破解资源1\CinderiaFix\Assets\Shaders\_URP_人物Spine_43.shader"
"_URP_人物Spine_44.shader","_URP/人物Spine","空壳不可用","有Pass但没有CG或HLSL程序块","4","0","False","False","False","False","True","4940","D:\CrackALL\灰烬之国\破解资源1\CinderiaFix\Assets\Shaders\_URP_人物Spine_44.shader"
"_URP_人物Spine_45.shader","_URP/人物Spine","空壳不可用","有Pass但没有CG或HLSL程序块","4","0","False","False","False","False","True","4940","D:\CrackALL\灰烬之国\破解资源1\CinderiaFix\Assets\Shaders\_URP_人物Spine_45.shader"
"_URP_人物Spine_46.shader","_URP/人物Spine","空壳不可用","有Pass但没有CG或HLSL程序块","4","0","False","False","False","False","True","4940","D:\CrackALL\灰烬之国\破解资源1\CinderiaFix\Assets\Shaders\_URP_人物Spine_46.shader"
"_URP_人物Spine_47.shader","_URP/人物Spine","空壳不可用","有Pass但没有CG或HLSL程序块","4","0","False","False","False","False","True","4940","D:\CrackALL\灰烬之国\破解资源1\CinderiaFix\Assets\Shaders\_URP_人物Spine_47.shader"
"_URP_人物Spine_48.shader","_URP/人物Spine","空壳不可用","有Pass但没有CG或HLSL程序块","4","0","False","False","False","False","True","4940","D:\CrackALL\灰烬之国\破解资源1\CinderiaFix\Assets\Shaders\_URP_人物Spine_48.shader"
"_URP_人物Spine_49.shader","_URP/人物Spine","空壳不可用","有Pass但没有CG或HLSL程序块","4","0","False","False","False","False","True","4940","D:\CrackALL\灰烬之国\破解资源1\CinderiaFix\Assets\Shaders\_URP_人物Spine_49.shader"
"_URP_人物Spine_5.shader","_URP/人物Spine","空壳不可用","有Pass但没有CG或HLSL程序块","4","0","False","False","False","False","True","4940","D:\CrackALL\灰烬之国\破解资源1\CinderiaFix\Assets\Shaders\_URP_人物Spine_5.shader"
"_URP_人物Spine_50.shader","_URP/人物Spine","空壳不可用","有Pass但没有CG或HLSL程序块","4","0","False","False","False","False","True","4940","D:\CrackALL\灰烬之国\破解资源1\CinderiaFix\Assets\Shaders\_URP_人物Spine_50.shader"
"_URP_人物Spine_51.shader","_URP/人物Spine","空壳不可用","有Pass但没有CG或HLSL程序块","4","0","False","False","False","False","True","4940","D:\CrackALL\灰烬之国\破解资源1\CinderiaFix\Assets\Shaders\_URP_人物Spine_51.shader"
"_URP_人物Spine_52.shader","_URP/人物Spine","空壳不可用","有Pass但没有CG或HLSL程序块","4","0","False","False","False","False","True","4940","D:\CrackALL\灰烬之国\破解资源1\CinderiaFix\Assets\Shaders\_URP_人物Spine_52.shader"
"_URP_人物Spine_53.shader","_URP/人物Spine","空壳不可用","有Pass但没有CG或HLSL程序块","4","0","False","False","False","False","True","4940","D:\CrackALL\灰烬之国\破解资源1\CinderiaFix\Assets\Shaders\_URP_人物Spine_53.shader"
"_URP_人物Spine_54.shader","_URP/人物Spine","空壳不可用","有Pass但没有CG或HLSL程序块","4","0","False","False","False","False","True","4940","D:\CrackALL\灰烬之国\破解资源1\CinderiaFix\Assets\Shaders\_URP_人物Spine_54.shader"
"_URP_人物Spine_55.shader","_URP/人物Spine","空壳不可用","有Pass但没有CG或HLSL程序块","4","0","False","False","False","False","True","4940","D:\CrackALL\灰烬之国\破解资源1\CinderiaFix\Assets\Shaders\_URP_人物Spine_55.shader"
"_URP_人物Spine_56.shader","_URP/人物Spine","空壳不可用","有Pass但没有CG或HLSL程序块","4","0","False","False","False","False","True","4940","D:\CrackALL\灰烬之国\破解资源1\CinderiaFix\Assets\Shaders\_URP_人物Spine_56.shader"
"_URP_人物Spine_57.shader","_URP/人物Spine","空壳不可用","有Pass但没有CG或HLSL程序块","4","0","False","False","False","False","True","4940","D:\CrackALL\灰烬之国\破解资源1\CinderiaFix\Assets\Shaders\_URP_人物Spine_57.shader"
"_URP_人物Spine_58.shader","_URP/人物Spine","空壳不可用","有Pass但没有CG或HLSL程序块","4","0","False","False","False","False","True","4940","D:\CrackALL\灰烬之国\破解资源1\CinderiaFix\Assets\Shaders\_URP_人物Spine_58.shader"
"_URP_人物Spine_59.shader","_URP/人物Spine","空壳不可用","有Pass但没有CG或HLSL程序块","4","0","False","False","False","False","True","4940","D:\CrackALL\灰烬之国\破解资源1\CinderiaFix\Assets\Shaders\_URP_人物Spine_59.shader"
"_URP_人物Spine_6.shader","_URP/人物Spine","空壳不可用","有Pass但没有CG或HLSL程序块","4","0","False","False","False","False","True","4940","D:\CrackALL\灰烬之国\破解资源1\CinderiaFix\Assets\Shaders\_URP_人物Spine_6.shader"
"_URP_人物Spine_60.shader","_URP/人物Spine","空壳不可用","有Pass但没有CG或HLSL程序块","4","0","False","False","False","False","True","4940","D:\CrackALL\灰烬之国\破解资源1\CinderiaFix\Assets\Shaders\_URP_人物Spine_60.shader"
"_URP_人物Spine_61.shader","_URP/人物Spine","空壳不可用","有Pass但没有CG或HLSL程序块","4","0","False","False","False","False","True","4940","D:\CrackALL\灰烬之国\破解资源1\CinderiaFix\Assets\Shaders\_URP_人物Spine_61.shader"
"_URP_人物Spine_62.shader","_URP/人物Spine","空壳不可用","有Pass但没有CG或HLSL程序块","4","0","False","False","False","False","True","4940","D:\CrackALL\灰烬之国\破解资源1\CinderiaFix\Assets\Shaders\_URP_人物Spine_62.shader"
"_URP_人物Spine_63.shader","_URP/人物Spine","空壳不可用","有Pass但没有CG或HLSL程序块","4","0","False","False","False","False","True","4940","D:\CrackALL\灰烬之国\破解资源1\CinderiaFix\Assets\Shaders\_URP_人物Spine_63.shader"
"_URP_人物Spine_64.shader","_URP/人物Spine","空壳不可用","有Pass但没有CG或HLSL程序块","4","0","False","False","False","False","True","4940","D:\CrackALL\灰烬之国\破解资源1\CinderiaFix\Assets\Shaders\_URP_人物Spine_64.shader"
"_URP_人物Spine_65.shader","_URP/人物Spine","空壳不可用","有Pass但没有CG或HLSL程序块","4","0","False","False","False","False","True","4940","D:\CrackALL\灰烬之国\破解资源1\CinderiaFix\Assets\Shaders\_URP_人物Spine_65.shader"
"_URP_人物Spine_66.shader","_URP/人物Spine","空壳不可用","有Pass但没有CG或HLSL程序块","4","0","False","False","False","False","True","4940","D:\CrackALL\灰烬之国\破解资源1\CinderiaFix\Assets\Shaders\_URP_人物Spine_66.shader"
"_URP_人物Spine_67.shader","_URP/人物Spine","空壳不可用","有Pass但没有CG或HLSL程序块","4","0","False","False","False","False","True","4940","D:\CrackALL\灰烬之国\破解资源1\CinderiaFix\Assets\Shaders\_URP_人物Spine_67.shader"
"_URP_人物Spine_68.shader","_URP/人物Spine","空壳不可用","有Pass但没有CG或HLSL程序块","4","0","False","False","False","False","True","4940","D:\CrackALL\灰烬之国\破解资源1\CinderiaFix\Assets\Shaders\_URP_人物Spine_68.shader"
"_URP_人物Spine_69.shader","_URP/人物Spine","空壳不可用","有Pass但没有CG或HLSL程序块","4","0","False","False","False","False","True","4940","D:\CrackALL\灰烬之国\破解资源1\CinderiaFix\Assets\Shaders\_URP_人物Spine_69.shader"
"_URP_人物Spine_7.shader","_URP/人物Spine","空壳不可用","有Pass但没有CG或HLSL程序块","4","0","False","False","False","False","True","4940","D:\CrackALL\灰烬之国\破解资源1\CinderiaFix\Assets\Shaders\_URP_人物Spine_7.shader"
"_URP_人物Spine_70.shader","_URP/人物Spine","空壳不可用","有Pass但没有CG或HLSL程序块","4","0","False","False","False","False","True","4940","D:\CrackALL\灰烬之国\破解资源1\CinderiaFix\Assets\Shaders\_URP_人物Spine_70.shader"
"_URP_人物Spine_71.shader","_URP/人物Spine","空壳不可用","有Pass但没有CG或HLSL程序块","4","0","False","False","False","False","True","4940","D:\CrackALL\灰烬之国\破解资源1\CinderiaFix\Assets\Shaders\_URP_人物Spine_71.shader"
"_URP_人物Spine_72.shader","_URP/人物Spine","空壳不可用","有Pass但没有CG或HLSL程序块","4","0","False","False","False","False","True","4940","D:\CrackALL\灰烬之国\破解资源1\CinderiaFix\Assets\Shaders\_URP_人物Spine_72.shader"
"_URP_人物Spine_73.shader","_URP/人物Spine","空壳不可用","有Pass但没有CG或HLSL程序块","4","0","False","False","False","False","True","4940","D:\CrackALL\灰烬之国\破解资源1\CinderiaFix\Assets\Shaders\_URP_人物Spine_73.shader"
"_URP_人物Spine_74.shader","_URP/人物Spine","空壳不可用","有Pass但没有CG或HLSL程序块","4","0","False","False","False","False","True","4940","D:\CrackALL\灰烬之国\破解资源1\CinderiaFix\Assets\Shaders\_URP_人物Spine_74.shader"
"_URP_人物Spine_75.shader","_URP/人物Spine","空壳不可用","有Pass但没有CG或HLSL程序块","4","0","False","False","False","False","True","4940","D:\CrackALL\灰烬之国\破解资源1\CinderiaFix\Assets\Shaders\_URP_人物Spine_75.shader"
"_URP_人物Spine_76.shader","_URP/人物Spine","空壳不可用","有Pass但没有CG或HLSL程序块","4","0","False","False","False","False","True","4940","D:\CrackALL\灰烬之国\破解资源1\CinderiaFix\Assets\Shaders\_URP_人物Spine_76.shader"
"_URP_人物Spine_77.shader","_URP/人物Spine","空壳不可用","有Pass但没有CG或HLSL程序块","4","0","False","False","False","False","True","4940","D:\CrackALL\灰烬之国\破解资源1\CinderiaFix\Assets\Shaders\_URP_人物Spine_77.shader"
"_URP_人物Spine_78.shader","_URP/人物Spine","空壳不可用","有Pass但没有CG或HLSL程序块","4","0","False","False","False","False","True","4940","D:\CrackALL\灰烬之国\破解资源1\CinderiaFix\Assets\Shaders\_URP_人物Spine_78.shader"
"_URP_人物Spine_79.shader","_URP/人物Spine","空壳不可用","有Pass但没有CG或HLSL程序块","4","0","False","False","False","False","True","4940","D:\CrackALL\灰烬之国\破解资源1\CinderiaFix\Assets\Shaders\_URP_人物Spine_79.shader"
"_URP_人物Spine_8.shader","_URP/人物Spine","空壳不可用","有Pass但没有CG或HLSL程序块","4","0","False","False","False","False","True","4940","D:\CrackALL\灰烬之国\破解资源1\CinderiaFix\Assets\Shaders\_URP_人物Spine_8.shader"
"_URP_人物Spine_80.shader","_URP/人物Spine","空壳不可用","有Pass但没有CG或HLSL程序块","4","0","False","False","False","False","True","4940","D:\CrackALL\灰烬之国\破解资源1\CinderiaFix\Assets\Shaders\_URP_人物Spine_80.shader"
"_URP_人物Spine_81.shader","_URP/人物Spine","空壳不可用","有Pass但没有CG或HLSL程序块","4","0","False","False","False","False","True","4940","D:\CrackALL\灰烬之国\破解资源1\CinderiaFix\Assets\Shaders\_URP_人物Spine_81.shader"
"_URP_人物Spine_82.shader","_URP/人物Spine","空壳不可用","有Pass但没有CG或HLSL程序块","4","0","False","False","False","False","True","4940","D:\CrackALL\灰烬之国\破解资源1\CinderiaFix\Assets\Shaders\_URP_人物Spine_82.shader"
"_URP_人物Spine_83.shader","_URP/人物Spine","空壳不可用","有Pass但没有CG或HLSL程序块","4","0","False","False","False","False","True","4940","D:\CrackALL\灰烬之国\破解资源1\CinderiaFix\Assets\Shaders\_URP_人物Spine_83.shader"
"_URP_人物Spine_84.shader","_URP/人物Spine","空壳不可用","有Pass但没有CG或HLSL程序块","4","0","False","False","False","False","True","4940","D:\CrackALL\灰烬之国\破解资源1\CinderiaFix\Assets\Shaders\_URP_人物Spine_84.shader"
"_URP_人物Spine_85.shader","_URP/人物Spine","空壳不可用","有Pass但没有CG或HLSL程序块","4","0","False","False","False","False","True","4940","D:\CrackALL\灰烬之国\破解资源1\CinderiaFix\Assets\Shaders\_URP_人物Spine_85.shader"
"_URP_人物Spine_86.shader","_URP/人物Spine","空壳不可用","有Pass但没有CG或HLSL程序块","4","0","False","False","False","False","True","4940","D:\CrackALL\灰烬之国\破解资源1\CinderiaFix\Assets\Shaders\_URP_人物Spine_86.shader"
"_URP_人物Spine_87.shader","_URP/人物Spine","空壳不可用","有Pass但没有CG或HLSL程序块","4","0","False","False","False","False","True","4940","D:\CrackALL\灰烬之国\破解资源1\CinderiaFix\Assets\Shaders\_URP_人物Spine_87.shader"
"_URP_人物Spine_88.shader","_URP/人物Spine","空壳不可用","有Pass但没有CG或HLSL程序块","4","0","False","False","False","False","True","4940","D:\CrackALL\灰烬之国\破解资源1\CinderiaFix\Assets\Shaders\_URP_人物Spine_88.shader"
"_URP_人物Spine_89.shader","_URP/人物Spine","空壳不可用","有Pass但没有CG或HLSL程序块","4","0","False","False","False","False","True","4940","D:\CrackALL\灰烬之国\破解资源1\CinderiaFix\Assets\Shaders\_URP_人物Spine_89.shader"
"_URP_人物Spine_9.shader","_URP/人物Spine","空壳不可用","有Pass但没有CG或HLSL程序块","4","0","False","False","False","False","True","4940","D:\CrackALL\灰烬之国\破解资源1\CinderiaFix\Assets\Shaders\_URP_人物Spine_9.shader"
"_URP_人物Spine_90.shader","_URP/人物Spine","空壳不可用","有Pass但没有CG或HLSL程序块","4","0","False","False","False","False","True","4940","D:\CrackALL\灰烬之国\破解资源1\CinderiaFix\Assets\Shaders\_URP_人物Spine_90.shader"
"_URP_人物Spine_91.shader","_URP/人物Spine","空壳不可用","有Pass但没有CG或HLSL程序块","4","0","False","False","False","False","True","4940","D:\CrackALL\灰烬之国\破解资源1\CinderiaFix\Assets\Shaders\_URP_人物Spine_91.shader"
"_URP_人物Spine_92.shader","_URP/人物Spine","空壳不可用","有Pass但没有CG或HLSL程序块","4","0","False","False","False","False","True","4940","D:\CrackALL\灰烬之国\破解资源1\CinderiaFix\Assets\Shaders\_URP_人物Spine_92.shader"
"_URP_人物Spine_93.shader","_URP/人物Spine","空壳不可用","有Pass但没有CG或HLSL程序块","4","0","False","False","False","False","True","4940","D:\CrackALL\灰烬之国\破解资源1\CinderiaFix\Assets\Shaders\_URP_人物Spine_93.shader"
"_URP_人物Spine_94.shader","_URP/人物Spine","空壳不可用","有Pass但没有CG或HLSL程序块","4","0","False","False","False","False","True","4940","D:\CrackALL\灰烬之国\破解资源1\CinderiaFix\Assets\Shaders\_URP_人物Spine_94.shader"
"_URP_人物Spine_95.shader","_URP/人物Spine","空壳不可用","有Pass但没有CG或HLSL程序块","4","0","False","False","False","False","True","4940","D:\CrackALL\灰烬之国\破解资源1\CinderiaFix\Assets\Shaders\_URP_人物Spine_95.shader"
"_URP_人物Spine_96.shader","_URP/人物Spine","空壳不可用","有Pass但没有CG或HLSL程序块","4","0","False","False","False","False","True","4940","D:\CrackALL\灰烬之国\破解资源1\CinderiaFix\Assets\Shaders\_URP_人物Spine_96.shader"
"_URP_人物Spine_97.shader","_URP/人物Spine","空壳不可用","有Pass但没有CG或HLSL程序块","4","0","False","False","False","False","True","4940","D:\CrackALL\灰烬之国\破解资源1\CinderiaFix\Assets\Shaders\_URP_人物Spine_97.shader"
"_URP_人物Spine_98.shader","_URP/人物Spine","空壳不可用","有Pass但没有CG或HLSL程序块","4","0","False","False","False","False","True","4940","D:\CrackALL\灰烬之国\破解资源1\CinderiaFix\Assets\Shaders\_URP_人物Spine_98.shader"
"_URP_人物Spine_99.shader","_URP/人物Spine","空壳不可用","有Pass但没有CG或HLSL程序块","4","0","False","False","False","False","True","4940","D:\CrackALL\灰烬之国\破解资源1\CinderiaFix\Assets\Shaders\_URP_人物Spine_99.shader"
"_URP_人物Spine_无阴影.shader","_URP/人物Spine_无阴影","空壳不可用","有Pass但没有CG或HLSL程序块","4","0","False","False","False","False","False","3736","D:\CrackALL\灰烬之国\破解资源1\CinderiaFix\Assets\Shaders\_URP_人物Spine_无阴影.shader"
"_URP_特殊效果_黑白.shader","_URP/特殊效果_黑白","空壳不可用","有Pass但没有CG或HLSL程序块","3","0","False","False","False","False","True","2335","D:\CrackALL\灰烬之国\破解资源1\CinderiaFix\Assets\Shaders\_URP_特殊效果_黑白.shader"
"_URP_特殊效果_黑白_0.shader","_URP/特殊效果_黑白","空壳不可用","有Pass但没有CG或HLSL程序块","3","0","False","False","False","False","True","2335","D:\CrackALL\灰烬之国\破解资源1\CinderiaFix\Assets\Shaders\_URP_特殊效果_黑白_0.shader"
"_URP_特殊效果_黑白_1.shader","_URP/特殊效果_黑白","空壳不可用","有Pass但没有CG或HLSL程序块","3","0","False","False","False","False","True","2335","D:\CrackALL\灰烬之国\破解资源1\CinderiaFix\Assets\Shaders\_URP_特殊效果_黑白_1.shader"
"_URP_特殊效果_黑白_2.shader","_URP/特殊效果_黑白","空壳不可用","有Pass但没有CG或HLSL程序块","3","0","False","False","False","False","True","2335","D:\CrackALL\灰烬之国\破解资源1\CinderiaFix\Assets\Shaders\_URP_特殊效果_黑白_2.shader"
"_URP_特殊效果_黑白_3.shader","_URP/特殊效果_黑白","空壳不可用","有Pass但没有CG或HLSL程序块","3","0","False","False","False","False","True","2335","D:\CrackALL\灰烬之国\破解资源1\CinderiaFix\Assets\Shaders\_URP_特殊效果_黑白_3.shader"
"_URP_特殊效果_黑白_4.shader","_URP/特殊效果_黑白","空壳不可用","有Pass但没有CG或HLSL程序块","3","0","False","False","False","False","True","2335","D:\CrackALL\灰烬之国\破解资源1\CinderiaFix\Assets\Shaders\_URP_特殊效果_黑白_4.shader"
"_URP_特殊效果_黑白_5.shader","_URP/特殊效果_黑白","空壳不可用","有Pass但没有CG或HLSL程序块","3","0","False","False","False","False","True","2335","D:\CrackALL\灰烬之国\破解资源1\CinderiaFix\Assets\Shaders\_URP_特殊效果_黑白_5.shader"
"_URP_特殊效果_黑白_6.shader","_URP/特殊效果_黑白","空壳不可用","有Pass但没有CG或HLSL程序块","3","0","False","False","False","False","True","2335","D:\CrackALL\灰烬之国\破解资源1\CinderiaFix\Assets\Shaders\_URP_特殊效果_黑白_6.shader"
"_URP_特殊效果_黑白_7.shader","_URP/特殊效果_黑白","空壳不可用","有Pass但没有CG或HLSL程序块","3","0","False","False","False","False","True","2335","D:\CrackALL\灰烬之国\破解资源1\CinderiaFix\Assets\Shaders\_URP_特殊效果_黑白_7.shader"
"_URP_特殊效果_黑白_8.shader","_URP/特殊效果_黑白","空壳不可用","有Pass但没有CG或HLSL程序块","3","0","False","False","False","False","True","2335","D:\CrackALL\灰烬之国\破解资源1\CinderiaFix\Assets\Shaders\_URP_特殊效果_黑白_8.shader"
"_URP_特殊效果_扭曲.shader","_URP/特殊效果_扭曲","空壳不可用","有Pass但没有CG或HLSL程序块","3","0","False","False","False","False","True","2332","D:\CrackALL\灰烬之国\破解资源1\CinderiaFix\Assets\Shaders\_URP_特殊效果_扭曲.shader"
"_URP_特殊效果_扭曲_0.shader","_URP/特殊效果_扭曲","空壳不可用","有Pass但没有CG或HLSL程序块","3","0","False","False","False","False","True","2332","D:\CrackALL\灰烬之国\破解资源1\CinderiaFix\Assets\Shaders\_URP_特殊效果_扭曲_0.shader"
"_URP_特殊效果_扭曲_1.shader","_URP/特殊效果_扭曲","空壳不可用","有Pass但没有CG或HLSL程序块","3","0","False","False","False","False","True","2332","D:\CrackALL\灰烬之国\破解资源1\CinderiaFix\Assets\Shaders\_URP_特殊效果_扭曲_1.shader"
"_URP_整理过的_地面.shader","_URP/整理过的/地面","空壳不可用","有Pass但没有CG或HLSL程序块","2","0","False","False","False","False","True","3662","D:\CrackALL\灰烬之国\破解资源1\CinderiaFix\Assets\Shaders\_URP_整理过的_地面.shader"
"_URP_整理过的_有高度地面.shader","_URP/整理过的/有高度地面","空壳不可用","有Pass但没有CG或HLSL程序块","1","0","False","False","False","False","True","3152","D:\CrackALL\灰烬之国\破解资源1\CinderiaFix\Assets\Shaders\_URP_整理过的_有高度地面.shader"
"_URP_整理过的_有高度地面深度.shader","_URP/整理过的/有高度地面深度","空壳不可用","有Pass但没有CG或HLSL程序块","1","0","False","False","False","False","True","1416","D:\CrackALL\灰烬之国\破解资源1\CinderiaFix\Assets\Shaders\_URP_整理过的_有高度地面深度.shader"
"GroundDepth.shader","GroundDepth","空壳不可用","有Pass但没有CG或HLSL程序块","1","0","False","False","False","False","True","1880","D:\CrackALL\灰烬之国\破解资源1\CinderiaFix\Assets\Shaders\GroundDepth.shader"
"Shader Graphs_BlobLight.shader","Shader Graphs/BlobLight","可用候选","包含程序块和顶点片元入口","3","3","True","True","True","True","True","35905","D:\CrackALL\灰烬之国\破解资源1\CinderiaFix\Assets\Shaders\Shader Graphs_BlobLight.shader"
"Shader Graphs_BlobShadow.shader","Shader Graphs/BlobShadow","可用候选","包含程序块和顶点片元入口","3","3","True","True","True","True","True","74292","D:\CrackALL\灰烬之国\破解资源1\CinderiaFix\Assets\Shaders\Shader Graphs_BlobShadow.shader"
"Shader Graphs_Fx_dissolve_particle_apb.shader","Shader Graphs/Fx_dissolve_particle_apb","可用候选","包含程序块和顶点片元入口","3","3","True","True","True","True","True","14916","D:\CrackALL\灰烬之国\破解资源1\CinderiaFix\Assets\Shaders\Shader Graphs_Fx_dissolve_particle_apb.shader"
"Shader Graphs_Fx_dissolve_particle_apb_0.shader","Shader Graphs/Fx_dissolve_particle_apb","可用候选","包含程序块和顶点片元入口","3","3","True","True","True","True","True","14916","D:\CrackALL\灰烬之国\破解资源1\CinderiaFix\Assets\Shaders\Shader Graphs_Fx_dissolve_particle_apb_0.shader"
"Shader Graphs_Fx_dissolve_particle_apb_1.shader","Shader Graphs/Fx_dissolve_particle_apb","可用候选","包含程序块和顶点片元入口","3","3","True","True","True","True","True","14916","D:\CrackALL\灰烬之国\破解资源1\CinderiaFix\Assets\Shaders\Shader Graphs_Fx_dissolve_particle_apb_1.shader"
"Shader Graphs_Fx_dissolve_particle_apb_2.shader","Shader Graphs/Fx_dissolve_particle_apb","可用候选","包含程序块和顶点片元入口","3","3","True","True","True","True","True","14916","D:\CrackALL\灰烬之国\破解资源1\CinderiaFix\Assets\Shaders\Shader Graphs_Fx_dissolve_particle_apb_2.shader"
"Shader Graphs_Fx_dissolve_particle_apb_3.shader","Shader Graphs/Fx_dissolve_particle_apb","可用候选","包含程序块和顶点片元入口","3","3","True","True","True","True","True","14916","D:\CrackALL\灰烬之国\破解资源1\CinderiaFix\Assets\Shaders\Shader Graphs_Fx_dissolve_particle_apb_3.shader"
"Shader Graphs_Fx_dissolve_particle_apb_4.shader","Shader Graphs/Fx_dissolve_particle_apb","可用候选","包含程序块和顶点片元入口","3","3","True","True","True","True","True","14916","D:\CrackALL\灰烬之国\破解资源1\CinderiaFix\Assets\Shaders\Shader Graphs_Fx_dissolve_particle_apb_4.shader"
"Shader Graphs_Slash_AB_Slashfx.shader","Shader Graphs/Slash_AB_Slashfx","可用候选","包含程序块和顶点片元入口","3","3","True","True","True","True","True","24263","D:\CrackALL\灰烬之国\破解资源1\CinderiaFix\Assets\Shaders\Shader Graphs_Slash_AB_Slashfx.shader"
"Shader Graphs_Slash_AB_Slashfx_0.shader","Shader Graphs/Slash_AB_Slashfx","可用候选","包含程序块和顶点片元入口","3","3","True","True","True","True","True","24263","D:\CrackALL\灰烬之国\破解资源1\CinderiaFix\Assets\Shaders\Shader Graphs_Slash_AB_Slashfx_0.shader"
"Shader Graphs_Slash_AB_Slashfx_1.shader","Shader Graphs/Slash_AB_Slashfx","可用候选","包含程序块和顶点片元入口","3","3","True","True","True","True","True","24263","D:\CrackALL\灰烬之国\破解资源1\CinderiaFix\Assets\Shaders\Shader Graphs_Slash_AB_Slashfx_1.shader"
"Shader Graphs_Slash_AB_Slashfx_10.shader","Shader Graphs/Slash_AB_Slashfx","可用候选","包含程序块和顶点片元入口","3","3","True","True","True","True","True","24263","D:\CrackALL\灰烬之国\破解资源1\CinderiaFix\Assets\Shaders\Shader Graphs_Slash_AB_Slashfx_10.shader"
"Shader Graphs_Slash_AB_Slashfx_11.shader","Shader Graphs/Slash_AB_Slashfx","可用候选","包含程序块和顶点片元入口","3","3","True","True","True","True","True","24263","D:\CrackALL\灰烬之国\破解资源1\CinderiaFix\Assets\Shaders\Shader Graphs_Slash_AB_Slashfx_11.shader"
"Shader Graphs_Slash_AB_Slashfx_12.shader","Shader Graphs/Slash_AB_Slashfx","可用候选","包含程序块和顶点片元入口","3","3","True","True","True","True","True","24263","D:\CrackALL\灰烬之国\破解资源1\CinderiaFix\Assets\Shaders\Shader Graphs_Slash_AB_Slashfx_12.shader"
"Shader Graphs_Slash_AB_Slashfx_13.shader","Shader Graphs/Slash_AB_Slashfx","可用候选","包含程序块和顶点片元入口","3","3","True","True","True","True","True","24263","D:\CrackALL\灰烬之国\破解资源1\CinderiaFix\Assets\Shaders\Shader Graphs_Slash_AB_Slashfx_13.shader"
"Shader Graphs_Slash_AB_Slashfx_14.shader","Shader Graphs/Slash_AB_Slashfx","可用候选","包含程序块和顶点片元入口","3","3","True","True","True","True","True","24263","D:\CrackALL\灰烬之国\破解资源1\CinderiaFix\Assets\Shaders\Shader Graphs_Slash_AB_Slashfx_14.shader"
"Shader Graphs_Slash_AB_Slashfx_15.shader","Shader Graphs/Slash_AB_Slashfx","可用候选","包含程序块和顶点片元入口","3","3","True","True","True","True","True","24263","D:\CrackALL\灰烬之国\破解资源1\CinderiaFix\Assets\Shaders\Shader Graphs_Slash_AB_Slashfx_15.shader"
"Shader Graphs_Slash_AB_Slashfx_16.shader","Shader Graphs/Slash_AB_Slashfx","可用候选","包含程序块和顶点片元入口","3","3","True","True","True","True","True","24263","D:\CrackALL\灰烬之国\破解资源1\CinderiaFix\Assets\Shaders\Shader Graphs_Slash_AB_Slashfx_16.shader"
"Shader Graphs_Slash_AB_Slashfx_17.shader","Shader Graphs/Slash_AB_Slashfx","可用候选","包含程序块和顶点片元入口","3","3","True","True","True","True","True","24263","D:\CrackALL\灰烬之国\破解资源1\CinderiaFix\Assets\Shaders\Shader Graphs_Slash_AB_Slashfx_17.shader"
"Shader Graphs_Slash_AB_Slashfx_18.shader","Shader Graphs/Slash_AB_Slashfx","可用候选","包含程序块和顶点片元入口","3","3","True","True","True","True","True","24263","D:\CrackALL\灰烬之国\破解资源1\CinderiaFix\Assets\Shaders\Shader Graphs_Slash_AB_Slashfx_18.shader"
"Shader Graphs_Slash_AB_Slashfx_19.shader","Shader Graphs/Slash_AB_Slashfx","可用候选","包含程序块和顶点片元入口","3","3","True","True","True","True","True","24263","D:\CrackALL\灰烬之国\破解资源1\CinderiaFix\Assets\Shaders\Shader Graphs_Slash_AB_Slashfx_19.shader"
"Shader Graphs_Slash_AB_Slashfx_2.shader","Shader Graphs/Slash_AB_Slashfx","可用候选","包含程序块和顶点片元入口","3","3","True","True","True","True","True","24263","D:\CrackALL\灰烬之国\破解资源1\CinderiaFix\Assets\Shaders\Shader Graphs_Slash_AB_Slashfx_2.shader"
"Shader Graphs_Slash_AB_Slashfx_20.shader","Shader Graphs/Slash_AB_Slashfx","可用候选","包含程序块和顶点片元入口","3","3","True","True","True","True","True","24263","D:\CrackALL\灰烬之国\破解资源1\CinderiaFix\Assets\Shaders\Shader Graphs_Slash_AB_Slashfx_20.shader"
"Shader Graphs_Slash_AB_Slashfx_21.shader","Shader Graphs/Slash_AB_Slashfx","可用候选","包含程序块和顶点片元入口","3","3","True","True","True","True","True","24263","D:\CrackALL\灰烬之国\破解资源1\CinderiaFix\Assets\Shaders\Shader Graphs_Slash_AB_Slashfx_21.shader"
"Shader Graphs_Slash_AB_Slashfx_22.shader","Shader Graphs/Slash_AB_Slashfx","可用候选","包含程序块和顶点片元入口","3","3","True","True","True","True","True","24263","D:\CrackALL\灰烬之国\破解资源1\CinderiaFix\Assets\Shaders\Shader Graphs_Slash_AB_Slashfx_22.shader"
"Shader Graphs_Slash_AB_Slashfx_23.shader","Shader Graphs/Slash_AB_Slashfx","可用候选","包含程序块和顶点片元入口","3","3","True","True","True","True","True","24263","D:\CrackALL\灰烬之国\破解资源1\CinderiaFix\Assets\Shaders\Shader Graphs_Slash_AB_Slashfx_23.shader"
"Shader Graphs_Slash_AB_Slashfx_24.shader","Shader Graphs/Slash_AB_Slashfx","可用候选","包含程序块和顶点片元入口","3","3","True","True","True","True","True","24263","D:\CrackALL\灰烬之国\破解资源1\CinderiaFix\Assets\Shaders\Shader Graphs_Slash_AB_Slashfx_24.shader"
"Shader Graphs_Slash_AB_Slashfx_25.shader","Shader Graphs/Slash_AB_Slashfx","可用候选","包含程序块和顶点片元入口","3","3","True","True","True","True","True","24263","D:\CrackALL\灰烬之国\破解资源1\CinderiaFix\Assets\Shaders\Shader Graphs_Slash_AB_Slashfx_25.shader"
"Shader Graphs_Slash_AB_Slashfx_26.shader","Shader Graphs/Slash_AB_Slashfx","可用候选","包含程序块和顶点片元入口","3","3","True","True","True","True","True","24263","D:\CrackALL\灰烬之国\破解资源1\CinderiaFix\Assets\Shaders\Shader Graphs_Slash_AB_Slashfx_26.shader"
"Shader Graphs_Slash_AB_Slashfx_27.shader","Shader Graphs/Slash_AB_Slashfx","可用候选","包含程序块和顶点片元入口","3","3","True","True","True","True","True","24263","D:\CrackALL\灰烬之国\破解资源1\CinderiaFix\Assets\Shaders\Shader Graphs_Slash_AB_Slashfx_27.shader"
"Shader Graphs_Slash_AB_Slashfx_28.shader","Shader Graphs/Slash_AB_Slashfx","可用候选","包含程序块和顶点片元入口","3","3","True","True","True","True","True","24263","D:\CrackALL\灰烬之国\破解资源1\CinderiaFix\Assets\Shaders\Shader Graphs_Slash_AB_Slashfx_28.shader"
"Shader Graphs_Slash_AB_Slashfx_29.shader","Shader Graphs/Slash_AB_Slashfx","可用候选","包含程序块和顶点片元入口","3","3","True","True","True","True","True","24263","D:\CrackALL\灰烬之国\破解资源1\CinderiaFix\Assets\Shaders\Shader Graphs_Slash_AB_Slashfx_29.shader"
"Shader Graphs_Slash_AB_Slashfx_3.shader","Shader Graphs/Slash_AB_Slashfx","可用候选","包含程序块和顶点片元入口","3","3","True","True","True","True","True","24263","D:\CrackALL\灰烬之国\破解资源1\CinderiaFix\Assets\Shaders\Shader Graphs_Slash_AB_Slashfx_3.shader"
"Shader Graphs_Slash_AB_Slashfx_30.shader","Shader Graphs/Slash_AB_Slashfx","可用候选","包含程序块和顶点片元入口","3","3","True","True","True","True","True","24263","D:\CrackALL\灰烬之国\破解资源1\CinderiaFix\Assets\Shaders\Shader Graphs_Slash_AB_Slashfx_30.shader"
"Shader Graphs_Slash_AB_Slashfx_4.shader","Shader Graphs/Slash_AB_Slashfx","可用候选","包含程序块和顶点片元入口","3","3","True","True","True","True","True","24263","D:\CrackALL\灰烬之国\破解资源1\CinderiaFix\Assets\Shaders\Shader Graphs_Slash_AB_Slashfx_4.shader"
"Shader Graphs_Slash_AB_Slashfx_5.shader","Shader Graphs/Slash_AB_Slashfx","可用候选","包含程序块和顶点片元入口","3","3","True","True","True","True","True","24263","D:\CrackALL\灰烬之国\破解资源1\CinderiaFix\Assets\Shaders\Shader Graphs_Slash_AB_Slashfx_5.shader"
"Shader Graphs_Slash_AB_Slashfx_6.shader","Shader Graphs/Slash_AB_Slashfx","可用候选","包含程序块和顶点片元入口","3","3","True","True","True","True","True","24263","D:\CrackALL\灰烬之国\破解资源1\CinderiaFix\Assets\Shaders\Shader Graphs_Slash_AB_Slashfx_6.shader"
"Shader Graphs_Slash_AB_Slashfx_7.shader","Shader Graphs/Slash_AB_Slashfx","可用候选","包含程序块和顶点片元入口","3","3","True","True","True","True","True","24263","D:\CrackALL\灰烬之国\破解资源1\CinderiaFix\Assets\Shaders\Shader Graphs_Slash_AB_Slashfx_7.shader"
"Shader Graphs_Slash_AB_Slashfx_8.shader","Shader Graphs/Slash_AB_Slashfx","可用候选","包含程序块和顶点片元入口","3","3","True","True","True","True","True","24263","D:\CrackALL\灰烬之国\破解资源1\CinderiaFix\Assets\Shaders\Shader Graphs_Slash_AB_Slashfx_8.shader"
"Shader Graphs_Slash_AB_Slashfx_9.shader","Shader Graphs/Slash_AB_Slashfx","可用候选","包含程序块和顶点片元入口","3","3","True","True","True","True","True","24263","D:\CrackALL\灰烬之国\破解资源1\CinderiaFix\Assets\Shaders\Shader Graphs_Slash_AB_Slashfx_9.shader"
"Shader Graphs_Slash_Slashfx.shader","Shader Graphs/Slash_Slashfx","可用候选","包含程序块和顶点片元入口","3","3","True","True","True","True","True","24185","D:\CrackALL\灰烬之国\破解资源1\CinderiaFix\Assets\Shaders\Shader Graphs_Slash_Slashfx.shader"
"Shader Graphs_Slash_Slashfx_0.shader","Shader Graphs/Slash_Slashfx","可用候选","包含程序块和顶点片元入口","3","3","True","True","True","True","True","24185","D:\CrackALL\灰烬之国\破解资源1\CinderiaFix\Assets\Shaders\Shader Graphs_Slash_Slashfx_0.shader"
"Shader Graphs_Slash_Slashfx_1.shader","Shader Graphs/Slash_Slashfx","可用候选","包含程序块和顶点片元入口","3","3","True","True","True","True","True","24185","D:\CrackALL\灰烬之国\破解资源1\CinderiaFix\Assets\Shaders\Shader Graphs_Slash_Slashfx_1.shader"
"Shader Graphs_Slash_Slashfx_10.shader","Shader Graphs/Slash_Slashfx","可用候选","包含程序块和顶点片元入口","3","3","True","True","True","True","True","24185","D:\CrackALL\灰烬之国\破解资源1\CinderiaFix\Assets\Shaders\Shader Graphs_Slash_Slashfx_10.shader"
"Shader Graphs_Slash_Slashfx_11.shader","Shader Graphs/Slash_Slashfx","可用候选","包含程序块和顶点片元入口","3","3","True","True","True","True","True","24185","D:\CrackALL\灰烬之国\破解资源1\CinderiaFix\Assets\Shaders\Shader Graphs_Slash_Slashfx_11.shader"
"Shader Graphs_Slash_Slashfx_12.shader","Shader Graphs/Slash_Slashfx","可用候选","包含程序块和顶点片元入口","3","3","True","True","True","True","True","24185","D:\CrackALL\灰烬之国\破解资源1\CinderiaFix\Assets\Shaders\Shader Graphs_Slash_Slashfx_12.shader"
"Shader Graphs_Slash_Slashfx_13.shader","Shader Graphs/Slash_Slashfx","可用候选","包含程序块和顶点片元入口","3","3","True","True","True","True","True","24185","D:\CrackALL\灰烬之国\破解资源1\CinderiaFix\Assets\Shaders\Shader Graphs_Slash_Slashfx_13.shader"
"Shader Graphs_Slash_Slashfx_14.shader","Shader Graphs/Slash_Slashfx","可用候选","包含程序块和顶点片元入口","3","3","True","True","True","True","True","24185","D:\CrackALL\灰烬之国\破解资源1\CinderiaFix\Assets\Shaders\Shader Graphs_Slash_Slashfx_14.shader"
"Shader Graphs_Slash_Slashfx_15.shader","Shader Graphs/Slash_Slashfx","可用候选","包含程序块和顶点片元入口","3","3","True","True","True","True","True","24185","D:\CrackALL\灰烬之国\破解资源1\CinderiaFix\Assets\Shaders\Shader Graphs_Slash_Slashfx_15.shader"
"Shader Graphs_Slash_Slashfx_16.shader","Shader Graphs/Slash_Slashfx","可用候选","包含程序块和顶点片元入口","3","3","True","True","True","True","True","24185","D:\CrackALL\灰烬之国\破解资源1\CinderiaFix\Assets\Shaders\Shader Graphs_Slash_Slashfx_16.shader"
"Shader Graphs_Slash_Slashfx_17.shader","Shader Graphs/Slash_Slashfx","可用候选","包含程序块和顶点片元入口","3","3","True","True","True","True","True","24185","D:\CrackALL\灰烬之国\破解资源1\CinderiaFix\Assets\Shaders\Shader Graphs_Slash_Slashfx_17.shader"
"Shader Graphs_Slash_Slashfx_18.shader","Shader Graphs/Slash_Slashfx","可用候选","包含程序块和顶点片元入口","3","3","True","True","True","True","True","24185","D:\CrackALL\灰烬之国\破解资源1\CinderiaFix\Assets\Shaders\Shader Graphs_Slash_Slashfx_18.shader"
"Shader Graphs_Slash_Slashfx_19.shader","Shader Graphs/Slash_Slashfx","可用候选","包含程序块和顶点片元入口","3","3","True","True","True","True","True","24185","D:\CrackALL\灰烬之国\破解资源1\CinderiaFix\Assets\Shaders\Shader Graphs_Slash_Slashfx_19.shader"
"Shader Graphs_Slash_Slashfx_2.shader","Shader Graphs/Slash_Slashfx","可用候选","包含程序块和顶点片元入口","3","3","True","True","True","True","True","24185","D:\CrackALL\灰烬之国\破解资源1\CinderiaFix\Assets\Shaders\Shader Graphs_Slash_Slashfx_2.shader"
"Shader Graphs_Slash_Slashfx_20.shader","Shader Graphs/Slash_Slashfx","可用候选","包含程序块和顶点片元入口","3","3","True","True","True","True","True","24185","D:\CrackALL\灰烬之国\破解资源1\CinderiaFix\Assets\Shaders\Shader Graphs_Slash_Slashfx_20.shader"
"Shader Graphs_Slash_Slashfx_21.shader","Shader Graphs/Slash_Slashfx","可用候选","包含程序块和顶点片元入口","3","3","True","True","True","True","True","24185","D:\CrackALL\灰烬之国\破解资源1\CinderiaFix\Assets\Shaders\Shader Graphs_Slash_Slashfx_21.shader"
"Shader Graphs_Slash_Slashfx_22.shader","Shader Graphs/Slash_Slashfx","可用候选","包含程序块和顶点片元入口","3","3","True","True","True","True","True","24185","D:\CrackALL\灰烬之国\破解资源1\CinderiaFix\Assets\Shaders\Shader Graphs_Slash_Slashfx_22.shader"
"Shader Graphs_Slash_Slashfx_23.shader","Shader Graphs/Slash_Slashfx","可用候选","包含程序块和顶点片元入口","3","3","True","True","True","True","True","24185","D:\CrackALL\灰烬之国\破解资源1\CinderiaFix\Assets\Shaders\Shader Graphs_Slash_Slashfx_23.shader"
"Shader Graphs_Slash_Slashfx_24.shader","Shader Graphs/Slash_Slashfx","可用候选","包含程序块和顶点片元入口","3","3","True","True","True","True","True","24185","D:\CrackALL\灰烬之国\破解资源1\CinderiaFix\Assets\Shaders\Shader Graphs_Slash_Slashfx_24.shader"
"Shader Graphs_Slash_Slashfx_25.shader","Shader Graphs/Slash_Slashfx","可用候选","包含程序块和顶点片元入口","3","3","True","True","True","True","True","24185","D:\CrackALL\灰烬之国\破解资源1\CinderiaFix\Assets\Shaders\Shader Graphs_Slash_Slashfx_25.shader"
"Shader Graphs_Slash_Slashfx_26.shader","Shader Graphs/Slash_Slashfx","可用候选","包含程序块和顶点片元入口","3","3","True","True","True","True","True","24185","D:\CrackALL\灰烬之国\破解资源1\CinderiaFix\Assets\Shaders\Shader Graphs_Slash_Slashfx_26.shader"
"Shader Graphs_Slash_Slashfx_27.shader","Shader Graphs/Slash_Slashfx","可用候选","包含程序块和顶点片元入口","3","3","True","True","True","True","True","24185","D:\CrackALL\灰烬之国\破解资源1\CinderiaFix\Assets\Shaders\Shader Graphs_Slash_Slashfx_27.shader"
"Shader Graphs_Slash_Slashfx_28.shader","Shader Graphs/Slash_Slashfx","可用候选","包含程序块和顶点片元入口","3","3","True","True","True","True","True","24185","D:\CrackALL\灰烬之国\破解资源1\CinderiaFix\Assets\Shaders\Shader Graphs_Slash_Slashfx_28.shader"
"Shader Graphs_Slash_Slashfx_29.shader","Shader Graphs/Slash_Slashfx","可用候选","包含程序块和顶点片元入口","3","3","True","True","True","True","True","24185","D:\CrackALL\灰烬之国\破解资源1\CinderiaFix\Assets\Shaders\Shader Graphs_Slash_Slashfx_29.shader"
"Shader Graphs_Slash_Slashfx_3.shader","Shader Graphs/Slash_Slashfx","可用候选","包含程序块和顶点片元入口","3","3","True","True","True","True","True","24185","D:\CrackALL\灰烬之国\破解资源1\CinderiaFix\Assets\Shaders\Shader Graphs_Slash_Slashfx_3.shader"
"Shader Graphs_Slash_Slashfx_4.shader","Shader Graphs/Slash_Slashfx","可用候选","包含程序块和顶点片元入口","3","3","True","True","True","True","True","24185","D:\CrackALL\灰烬之国\破解资源1\CinderiaFix\Assets\Shaders\Shader Graphs_Slash_Slashfx_4.shader"
"Shader Graphs_Slash_Slashfx_5.shader","Shader Graphs/Slash_Slashfx","可用候选","包含程序块和顶点片元入口","3","3","True","True","True","True","True","24185","D:\CrackALL\灰烬之国\破解资源1\CinderiaFix\Assets\Shaders\Shader Graphs_Slash_Slashfx_5.shader"
"Shader Graphs_Slash_Slashfx_6.shader","Shader Graphs/Slash_Slashfx","可用候选","包含程序块和顶点片元入口","3","3","True","True","True","True","True","24185","D:\CrackALL\灰烬之国\破解资源1\CinderiaFix\Assets\Shaders\Shader Graphs_Slash_Slashfx_6.shader"
"Shader Graphs_Slash_Slashfx_7.shader","Shader Graphs/Slash_Slashfx","可用候选","包含程序块和顶点片元入口","3","3","True","True","True","True","True","24185","D:\CrackALL\灰烬之国\破解资源1\CinderiaFix\Assets\Shaders\Shader Graphs_Slash_Slashfx_7.shader"
"Shader Graphs_Slash_Slashfx_8.shader","Shader Graphs/Slash_Slashfx","可用候选","包含程序块和顶点片元入口","3","3","True","True","True","True","True","24185","D:\CrackALL\灰烬之国\破解资源1\CinderiaFix\Assets\Shaders\Shader Graphs_Slash_Slashfx_8.shader"
"Shader Graphs_Slash_Slashfx_9.shader","Shader Graphs/Slash_Slashfx","可用候选","包含程序块和顶点片元入口","3","3","True","True","True","True","True","24185","D:\CrackALL\灰烬之国\破解资源1\CinderiaFix\Assets\Shaders\Shader Graphs_Slash_Slashfx_9.shader"
